[{
    "type": "Point",
    "Nombre": "Sabanilla",
    "latidud": "9.9453690",
    "longitud": "-84.0342939",
    "coordenadas":"[9.9453690,-84.0342939]"
    
},
{
    "type": "Point",
    "Nombre": "Tres Rios",
    "latidud": "9.9089185",
    "longitud": "-83.9892534",
    "coordenadas":"[9.9089185,-83.9892534]"
},
{
    "type": "Point",
    "Nombre": "Cartago centro",
    "latidud": "9.8642435",
    "longitud": "-83.9204377",
    "coordenadas":"[9.8642435,-83.9204377]"
},
{
    "type": "Point",
    "Nombre": "Taras",
    "latidud": "9.8800717",
    "longitud": "-83.9350935",
    "coordenadas":"[9.8800717,-83.9350935]"
},
{
    "type": "Point",
    "Nombre": "Cristo Pacayas",
    "latidud": "9.8887071" ,
    "longitud": "-83.8828360",
    "coordenadas":"[9.8887071,-83.8828360]"
},
{
    "type": "Point",
    "Nombre": "Volcan Irazu",
    "latidud": "9.9776575",
    "longitud": "-83.8450325",
    "coordenadas":"[9.9776575,-83.8450325]"
},
{
    "type": "Point",
    "Nombre": "Cachi",
    "latidud": "9.8398709",
    "longitud": "-83.8020874",
    "coordenadas":"[9.8398709,-83.8020874]"
},
{
    "type": "Point",
    "Nombre": "Mirador Orosi",
    "latidud": "9.8174831",
   "longitud": "-83.8569893",
   "coordenadas":"[9.8174831,-83.8569893]"
},
{
    "type": "Point",
    "Nombre": "Turrialba",
    "latidud": "9.9053141",
    "longitud": "-83.6849907",
    "coordenadas":"[9.9053141,-83.6849907]"
},
{
    "type": "Point",
    "Nombre": "Juan Viñas",
    "latidud": "9.8979604",
    "longitud": "-83.7492966",
    "coordenadas":"[9.8979604,-83.7492966]"
},
{
    "type": "Point",
    "Nombre": "Pacayas",
    "latidud": "9.9124905",
    "longitud": "-83.8018426",
    "coordenadas":"[9.9124905,-83.8018426]"
},
{
    "type": "Point",
    "Nombre": "Santa Cruz",
    "latidud": "9.9656748",
    "longitud": "-83.7453359",
    "coordenadas":"[9.9656748,-83.7453359]"
},
{
    "type": "Point",
    "Nombre": "Ochomogo SJ-Cartago",
    "latidud": "9.8939840",
    "longitud": "-83.9424471",
    "coordenadas":"[9.8939840,-83.9424471]"
},
{
    "type": "Point",
    "Nombre": "Ochomogo Cartago-SJ",
    "latidud": "9.8987624",
    "longitud": "-83.9451868",
    "coordenadas":"[9.8987624,-83.9451868]"
},
{
    "type": "Point",
    "Nombre": "Santa Cruz",
    "latidud": "9.9656748",
    "longitud": "-83.7453359",
    "coordenadas":"[9.9656748,-83.7453359]"
}]